{"audio_filepath": "/root/data/VCC2020-database/extract/target_task1/TEF1/resample/E10051.wav", "duration": 3.298639455782313, "text": "Moroccan agriculture enjoys special treatment when exporting to Europe."}
{"audio_filepath": "/root/data/VCC2020-database/extract/target_task1/TEF1/resample/E10052.wav", "duration": 1.9085260770975057, "text": "There are many examples of this in France."}
{"audio_filepath": "/root/data/VCC2020-database/extract/target_task1/TEF1/resample/E10053.wav", "duration": 2.5682086167800455, "text": "Summer time has, in practice, become normal time."}
{"audio_filepath": "/root/data/VCC2020-database/extract/target_task1/TEF1/resample/E10054.wav", "duration": 3.369297052154195, "text": "Their solution requires development of the human  capacity for social interest."}
{"audio_filepath": "/root/data/VCC2020-database/extract/target_task1/TEF1/resample/E10055.wav", "duration": 3.5538775510204084, "text": "The enormous amounts of carbon dioxide in the atmosphere cause this high pressure."}
{"audio_filepath": "/root/data/VCC2020-database/extract/target_task1/TEF1/resample/E10056.wav", "duration": 3.469251700680272, "text": "Modern electronics has become highly dependent on inorganic chemistry."}
{"audio_filepath": "/root/data/VCC2020-database/extract/target_task1/TEF1/resample/E10057.wav", "duration": 2.0872108843537416, "text": "One group made no other changes."}
{"audio_filepath": "/root/data/VCC2020-database/extract/target_task1/TEF1/resample/E10058.wav", "duration": 2.7923356009070295, "text": "For all practical purposes, Yugoslavia is bankrupt."}
{"audio_filepath": "/root/data/VCC2020-database/extract/target_task1/TEF1/resample/E10059.wav", "duration": 2.6230839002267574, "text": "Small investors will also be affected, traders said."}
{"audio_filepath": "/root/data/VCC2020-database/extract/target_task1/TEF1/resample/E10060.wav", "duration": 1.2974603174603174, "text": "Some just don't make it."}
{"audio_filepath": "/root/data/VCC2020-database/extract/target_task1/TEF1/resample/E10061.wav", "duration": 2.3974603174603173, "text": "If not, it's about time somebody did."}
{"audio_filepath": "/root/data/VCC2020-database/extract/target_task1/TEF1/resample/E10062.wav", "duration": 2.425668934240363, "text": "The agency wants to sell its remaining stake."}
{"audio_filepath": "/root/data/VCC2020-database/extract/target_task1/TEF1/resample/E10063.wav", "duration": 2.6230839002267574, "text": "Last October, the firm moved to change all that."}
{"audio_filepath": "/root/data/VCC2020-database/extract/target_task1/TEF1/resample/E10064.wav", "duration": 3.1872108843537417, "text": "Ford's total vehicle sales rose fifteen point one percent."}
{"audio_filepath": "/root/data/VCC2020-database/extract/target_task1/TEF1/resample/E10065.wav", "duration": 2.3692517006802722, "text": "That was the mood at the last monthly meeting."}
{"audio_filepath": "/root/data/VCC2020-database/extract/target_task1/TEF1/resample/E10066.wav", "duration": 2.5385034013605443, "text": "The figures are adjusted for seasonal variation."}
{"audio_filepath": "/root/data/VCC2020-database/extract/target_task1/TEF1/resample/E10067.wav", "duration": 1.8333333333333333, "text": "The dust leaned through the broad hat."}
{"audio_filepath": "/root/data/VCC2020-database/extract/target_task1/TEF1/resample/E10068.wav", "duration": 2.059002267573696, "text": "When does the flow guide the blue front?"}
{"audio_filepath": "/root/data/VCC2020-database/extract/target_task1/TEF1/resample/E10069.wav", "duration": 1.97437641723356, "text": "Use the length or the export."}
{"audio_filepath": "/root/data/VCC2020-database/extract/target_task1/TEF1/resample/E10070.wav", "duration": 2.1154195011337866, "text": "The large wine blamed the store."}
{"audio_filepath": "/root/data/VCC2020-database/extract/target_task1/TEF1/resample/E20001.wav", "duration": 3.9583673469387755, "text": "Unfortunately, others separate on the basis of accumulated hatred."}
{"audio_filepath": "/root/data/VCC2020-database/extract/target_task1/TEF1/resample/E20002.wav", "duration": 1.8142857142857143, "text": "The authorities already have their work cut out."}
{"audio_filepath": "/root/data/VCC2020-database/extract/target_task1/TEF1/resample/E20003.wav", "duration": 3.275056689342404, "text": "The female produces a litter of two to four young in November and December."}
{"audio_filepath": "/root/data/VCC2020-database/extract/target_task1/TEF1/resample/E20004.wav", "duration": 3.1336961451247167, "text": "Numerous works of art are based on the story of the sacrifice of Isaac."}
{"audio_filepath": "/root/data/VCC2020-database/extract/target_task1/TEF1/resample/E20005.wav", "duration": 3.557823129251701, "text": "His most significant scientific publications were studies of birds and animals."}
{"audio_filepath": "/root/data/VCC2020-database/extract/target_task1/TEF1/resample/E20006.wav", "duration": 4.170385487528344, "text": "The process by which the lens focuses on external objects is called accommodation."}
{"audio_filepath": "/root/data/VCC2020-database/extract/target_task1/TEF1/resample/E20007.wav", "duration": 4.146848072562358, "text": "Two narrow gauge railroads from China enter the city from the northeast and northwest."}
{"audio_filepath": "/root/data/VCC2020-database/extract/target_task1/TEF1/resample/E20008.wav", "duration": 3.416417233560091, "text": "Some maps use bands of color to indicate different intervals of value."}
{"audio_filepath": "/root/data/VCC2020-database/extract/target_task1/TEF1/resample/E20009.wav", "duration": 3.699183673469388, "text": "Origins or causes of spontaneous mutation are not yet completely clear."}
{"audio_filepath": "/root/data/VCC2020-database/extract/target_task1/TEF1/resample/E20010.wav", "duration": 3.6520634920634922, "text": "Unusually high levels of radiation were detected in many European countries."}
{"audio_filepath": "/root/data/VCC2020-database/extract/target_task1/TEF1/resample/E20011.wav", "duration": 3.885578231292517, "text": "Both petroleum and natural gas deposits are scattered through eastern Ohio."}
{"audio_filepath": "/root/data/VCC2020-database/extract/target_task1/TEF1/resample/E20012.wav", "duration": 3.5314739229024945, "text": "For the first time in years the Republicans also captured both houses of Congress."}
{"audio_filepath": "/root/data/VCC2020-database/extract/target_task1/TEF1/resample/E20013.wav", "duration": 4.089750566893424, "text": "The South Carolina educational radio network has won national broadcasting awards."}
{"audio_filepath": "/root/data/VCC2020-database/extract/target_task1/TEF1/resample/E20014.wav", "duration": 4.202585034013605, "text": "A tanker is a ship designed to carry large volumes of oil or other liquid cargo."}
{"audio_filepath": "/root/data/VCC2020-database/extract/target_task1/TEF1/resample/E20015.wav", "duration": 3.9205442176870746, "text": "This allows the shaft to change its length and direction as the car wheels move up and down."}
{"audio_filepath": "/root/data/VCC2020-database/extract/target_task1/TEF1/resample/E20016.wav", "duration": 3.94875283446712, "text": "He is a major figure among writers who break away from the American tradition of realism."}
{"audio_filepath": "/root/data/VCC2020-database/extract/target_task1/TEF1/resample/E20017.wav", "duration": 3.4128344671201813, "text": "They began to build boats with the same materials they used for portable shelters."}
{"audio_filepath": "/root/data/VCC2020-database/extract/target_task1/TEF1/resample/E20018.wav", "duration": 3.441043083900227, "text": "Much of the ground beef consumed in the United States comes from dairy cows."}
{"audio_filepath": "/root/data/VCC2020-database/extract/target_task1/TEF1/resample/E20019.wav", "duration": 3.7230839002267575, "text": "Eclipses of the sun and moon have long made a deep impression on humankind."}
{"audio_filepath": "/root/data/VCC2020-database/extract/target_task1/TEF1/resample/E20020.wav", "duration": 3.6385034013605444, "text": "Philosophers of education often differ in their views on the nature of knowledge."}
{"audio_filepath": "/root/data/VCC2020-database/extract/target_task1/TEF1/resample/E20021.wav", "duration": 4.259002267573696, "text": "Private free schools were formed both in poor neighborhoods and in middle-class communities."}
{"audio_filepath": "/root/data/VCC2020-database/extract/target_task1/TEF1/resample/E20022.wav", "duration": 3.7512925170068026, "text": "It is one of the earliest agricultural villages yet discovered in Southwest Asia."}
{"audio_filepath": "/root/data/VCC2020-database/extract/target_task1/TEF1/resample/E20023.wav", "duration": 4.089750566893424, "text": "The hot fluid is circulated through a tube located in the lower tank of the radiator."}
{"audio_filepath": "/root/data/VCC2020-database/extract/target_task1/TEF1/resample/E20024.wav", "duration": 4.202585034013605, "text": "Military policy was to keep the travel routes open and protect the settled areas."}
{"audio_filepath": "/root/data/VCC2020-database/extract/target_task1/TEF1/resample/E20025.wav", "duration": 3.694875283446712, "text": "Several environmental factors also have an effect on average life expectancy."}
{"audio_filepath": "/root/data/VCC2020-database/extract/target_task1/TEF1/resample/E20026.wav", "duration": 3.8077097505668935, "text": "They can also show how the shape and size of continents and oceans have changed over time."}
{"audio_filepath": "/root/data/VCC2020-database/extract/target_task1/TEF1/resample/E20027.wav", "duration": 3.8359183673469386, "text": "Microbiology is the study of organisms that cannot be seen by the naked eye."}
{"audio_filepath": "/root/data/VCC2020-database/extract/target_task1/TEF1/resample/E20028.wav", "duration": 3.6385034013605444, "text": "He introduced the writing of English into a curriculum that had emphasized Latin."}
{"audio_filepath": "/root/data/VCC2020-database/extract/target_task1/TEF1/resample/E20029.wav", "duration": 3.94875283446712, "text": "The Statue of Liberty and Ellis Island are within the New Jersey waters of New York Bay."}
{"audio_filepath": "/root/data/VCC2020-database/extract/target_task1/TEF1/resample/E20030.wav", "duration": 3.610294784580499, "text": "He never obtained a secure academic position or permanent employment."}
{"audio_filepath": "/root/data/VCC2020-database/extract/target_task1/TEF1/resample/E20031.wav", "duration": 3.5538775510204084, "text": "They established royal commissions to recover illegally held church lands."}
{"audio_filepath": "/root/data/VCC2020-database/extract/target_task1/TEF1/resample/E20032.wav", "duration": 2.2, "text": "Their status doesn't come without cost."}
{"audio_filepath": "/root/data/VCC2020-database/extract/target_task1/TEF1/resample/E20033.wav", "duration": 2.651292517006803, "text": "Not all Wall Street professionals dismiss dividends."}
{"audio_filepath": "/root/data/VCC2020-database/extract/target_task1/TEF1/resample/E20034.wav", "duration": 2.1154195011337866, "text": "We took our share of losses on some issues."}
{"audio_filepath": "/root/data/VCC2020-database/extract/target_task1/TEF1/resample/E20035.wav", "duration": 2.933333333333333, "text": "Prices have been relatively stable and employment has expanded."}
{"audio_filepath": "/root/data/VCC2020-database/extract/target_task1/TEF1/resample/E20036.wav", "duration": 2.735918367346939, "text": "The brain seems particularly vulnerable to extreme cold."}
{"audio_filepath": "/root/data/VCC2020-database/extract/target_task1/TEF1/resample/E20037.wav", "duration": 3.159002267573696, "text": "About six thousand enterprises have suffered huge losses."}
{"audio_filepath": "/root/data/VCC2020-database/extract/target_task1/TEF1/resample/E20038.wav", "duration": 3.7230839002267575, "text": "Initial Wall Street enthusiasm has surprised even privatization advocates."}
{"audio_filepath": "/root/data/VCC2020-database/extract/target_task1/TEF1/resample/E20039.wav", "duration": 2.7923356009070295, "text": "Western Union said it may again extend its deadline."}
{"audio_filepath": "/root/data/VCC2020-database/extract/target_task1/TEF1/resample/E20040.wav", "duration": 2.059002267573696, "text": "Nor would they disclose their Saudi volumes."}
{"audio_filepath": "/root/data/VCC2020-database/extract/target_task1/TEF1/resample/E20041.wav", "duration": 2.284625850340136, "text": "They seem like the ultimate convenience food."}
{"audio_filepath": "/root/data/VCC2020-database/extract/target_task1/TEF1/resample/E20042.wav", "duration": 2.510294784580499, "text": "Sometimes, it helps to take a step back."}
{"audio_filepath": "/root/data/VCC2020-database/extract/target_task1/TEF1/resample/E20043.wav", "duration": 2.3692517006802722, "text": "Officials said the investigation was continuing."}
{"audio_filepath": "/root/data/VCC2020-database/extract/target_task1/TEF1/resample/E20044.wav", "duration": 2.5385034013605443, "text": "The October crash caused volume to shrink even more."}
{"audio_filepath": "/root/data/VCC2020-database/extract/target_task1/TEF1/resample/E20045.wav", "duration": 3.525668934240363, "text": "But records obtained from other sources show widespread problems."}
{"audio_filepath": "/root/data/VCC2020-database/extract/target_task1/TEF1/resample/E20046.wav", "duration": 2.3974603174603173, "text": "And now, pubs can stay open all afternoon."}
{"audio_filepath": "/root/data/VCC2020-database/extract/target_task1/TEF1/resample/E20047.wav", "duration": 2.059002267573696, "text": "The task joined the staff that coped."}
{"audio_filepath": "/root/data/VCC2020-database/extract/target_task1/TEF1/resample/E20048.wav", "duration": 1.8333333333333333, "text": "The youth knelt with the fresh state."}
{"audio_filepath": "/root/data/VCC2020-database/extract/target_task1/TEF1/resample/E20049.wav", "duration": 1.8333333333333333, "text": "The health went down the dark square."}
{"audio_filepath": "/root/data/VCC2020-database/extract/target_task1/TEF1/resample/E20050.wav", "duration": 2.0025850340136055, "text": "Export the son or the firm."}